grid_id,existing_lx,recommended_lx,delta_percent,keep_hours,reason_1,reason_2,reason_3,reasons
0,25.0,24.604,-1.584,3,night_traffic|야간교통량|UP,residential_density|주택밀집도|UP,cctv_density|CCTV 밀집도|UP,"[{""key"": ""night_traffic"", ""label"": ""야간교통량"", ""direction"": ""UP""}, {""key"": ""residential_density"", ""label"": ""주택밀집도"", ""direction"": ""UP""}, {""key"": ""cctv_density"", ""label"": ""CCTV 밀집도"", ""direction"": ""UP""}]"
1,25.0,24.604,-1.584,3,night_traffic|야간교통량|UP,residential_density|주택밀집도|UP,cctv_density|CCTV 밀집도|UP,"[{""key"": ""night_traffic"", ""label"": ""야간교통량"", ""direction"": ""UP""}, {""key"": ""residential_density"", ""label"": ""주택밀집도"", ""direction"": ""UP""}, {""key"": ""cctv_density"", ""label"": ""CCTV 밀집도"", ""direction"": ""UP""}]"
2,10.0,9.075,-9.254,3,night_traffic|야간교통량|DOWN,residential_density|주택밀집도|UP,cctv_density|CCTV 밀집도|UP,"[{""key"": ""night_traffic"", ""label"": ""야간교통량"", ""direction"": ""DOWN""}, {""key"": ""residential_density"", ""label"": ""주택밀집도"", ""direction"": ""UP""}, {""key"": ""cctv_density"", ""label"": ""CCTV 밀집도"", ""direction"": ""UP""}]"
3,10.0,9.075,-9.254,3,night_traffic|야간교통량|DOWN,residential_density|주택밀집도|UP,cctv_density|CCTV 밀집도|UP,"[{""key"": ""night_traffic"", ""label"": ""야간교통량"", ""direction"": ""DOWN""}, {""key"": ""residential_density"", ""label"": ""주택밀집도"", ""direction"": ""UP""}, {""key"": ""cctv_density"", ""label"": ""CCTV 밀집도"", ""direction"": ""UP""}]"
4,25.0,24.604,-1.584,3,night_traffic|야간교통량|UP,residential_density|주택밀집도|UP,cctv_density|CCTV 밀집도|UP,"[{""key"": ""night_traffic"", ""label"": ""야간교통량"", ""direction"": ""UP""}, {""key"": ""residential_density"", ""label"": ""주택밀집도"", ""direction"": ""UP""}, {""key"": ""cctv_density"", ""label"": ""CCTV 밀집도"", ""direction"": ""UP""}]"
5,25.0,24.604,-1.584,3,night_traffic|야간교통량|UP,residential_density|주택밀집도|UP,cctv_density|CCTV 밀집도|UP,"[{""key"": ""night_traffic"", ""label"": ""야간교통량"", ""direction"": ""UP""}, {""key"": ""residential_density"", ""label"": ""주택밀집도"", ""direction"": ""UP""}, {""key"": ""cctv_density"", ""label"": ""CCTV 밀집도"", ""direction"": ""UP""}]"
6,25.0,24.604,-1.584,3,night_traffic|야간교통량|UP,residential_density|주택밀집도|UP,cctv_density|CCTV 밀집도|UP,"[{""key"": ""night_traffic"", ""label"": ""야간교통량"", ""direction"": ""UP""}, {""key"": ""residential_density"", ""label"": ""주택밀집도"", ""direction"": ""UP""}, {""key"": ""cctv_density"", ""label"": ""CCTV 밀집도"", ""direction"": ""UP""}]"
7,25.0,24.604,-1.584,3,night_traffic|야간교통량|UP,residential_density|주택밀집도|UP,cctv_density|CCTV 밀집도|UP,"[{""key"": ""night_traffic"", ""label"": ""야간교통량"", ""direction"": ""UP""}, {""key"": ""residential_density"", ""label"": ""주택밀집도"", ""direction"": ""UP""}, {""key"": ""cctv_density"", ""label"": ""CCTV 밀집도"", ""direction"": ""UP""}]"
8,25.0,24.604,-1.584,3,night_traffic|야간교통량|UP,residential_density|주택밀집도|UP,cctv_density|CCTV 밀집도|UP,"[{""key"": ""night_traffic"", ""label"": ""야간교통량"", ""direction"": ""UP""}, {""key"": ""residential_density"", ""label"": ""주택밀집도"", ""direction"": ""UP""}, {""key"": ""cctv_density"", ""label"": ""CCTV 밀집도"", ""direction"": ""UP""}]"
9,10.0,7.36,-26.398,3,night_traffic|야간교통량|DOWN,residential_density|주택밀집도|DOWN,cctv_density|CCTV 밀집도|UP,"[{""key"": ""night_traffic"", ""label"": ""야간교통량"", ""direction"": ""DOWN""}, {""key"": ""residential_density"", ""label"": ""주택밀집도"", ""direction"": ""DOWN""}, {""key"": ""cctv_density"", ""label"": ""CCTV 밀집도"", ""direction"": ""UP""}]"
10,25.0,24.604,-1.584,3,night_traffic|야간교통량|UP,residential_density|주택밀집도|UP,cctv_density|CCTV 밀집도|UP,"[{""key"": ""night_traffic"", ""label"": ""야간교통량"", ""direction"": ""UP""}, {""key"": ""residential_density"", ""label"": ""주택밀집도"", ""direction"": ""UP""}, {""key"": ""cctv_density"", ""label"": ""CCTV 밀집도"", ""direction"": ""UP""}]"
11,25.0,24.604,-1.584,3,night_traffic|야간교통량|UP,residential_density|주택밀집도|UP,cctv_density|CCTV 밀집도|UP,"[{""key"": ""night_traffic"", ""label"": ""야간교통량"", ""direction"": ""UP""}, {""key"": ""residential_density"", ""label"": ""주택밀집도"", ""direction"": ""UP""}, {""key"": ""cctv_density"", ""label"": ""CCTV 밀집도"", ""direction"": ""UP""}]"
12,25.0,24.604,-1.584,3,night_traffic|야간교통량|UP,residential_density|주택밀집도|UP,cctv_density|CCTV 밀집도|UP,"[{""key"": ""night_traffic"", ""label"": ""야간교통량"", ""direction"": ""UP""}, {""key"": ""residential_density"", ""label"": ""주택밀집도"", ""direction"": ""UP""}, {""key"": ""cctv_density"", ""label"": ""CCTV 밀집도"", ""direction"": ""UP""}]"
13,25.0,24.599,-1.605,3,night_traffic|야간교통량|UP,residential_density|주택밀집도|UP,cctv_density|CCTV 밀집도|UP,"[{""key"": ""night_traffic"", ""label"": ""야간교통량"", ""direction"": ""UP""}, {""key"": ""residential_density"", ""label"": ""주택밀집도"", ""direction"": ""UP""}, {""key"": ""cctv_density"", ""label"": ""CCTV 밀집도"", ""direction"": ""UP""}]"
14,25.0,24.604,-1.584,3,night_traffic|야간교통량|UP,residential_density|주택밀집도|UP,cctv_density|CCTV 밀집도|UP,"[{""key"": ""night_traffic"", ""label"": ""야간교통량"", ""direction"": ""UP""}, {""key"": ""residential_density"", ""label"": ""주택밀집도"", ""direction"": ""UP""}, {""key"": ""cctv_density"", ""label"": ""CCTV 밀집도"", ""direction"": ""UP""}]"
15,25.0,24.604,-1.584,3,night_traffic|야간교통량|UP,residential_density|주택밀집도|UP,cctv_density|CCTV 밀집도|UP,"[{""key"": ""night_traffic"", ""label"": ""야간교통량"", ""direction"": ""UP""}, {""key"": ""residential_density"", ""label"": ""주택밀집도"", ""direction"": ""UP""}, {""key"": ""cctv_density"", ""label"": ""CCTV 밀집도"", ""direction"": ""UP""}]"
16,25.0,24.604,-1.584,3,night_traffic|야간교통량|UP,residential_density|주택밀집도|UP,cctv_density|CCTV 밀집도|UP,"[{""key"": ""night_traffic"", ""label"": ""야간교통량"", ""direction"": ""UP""}, {""key"": ""residential_density"", ""label"": ""주택밀집도"", ""direction"": ""UP""}, {""key"": ""cctv_density"", ""label"": ""CCTV 밀집도"", ""direction"": ""UP""}]"
17,25.0,24.604,-1.584,3,night_traffic|야간교통량|UP,residential_density|주택밀집도|UP,cctv_density|CCTV 밀집도|UP,"[{""key"": ""night_traffic"", ""label"": ""야간교통량"", ""direction"": ""UP""}, {""key"": ""residential_density"", ""label"": ""주택밀집도"", ""direction"": ""UP""}, {""key"": ""cctv_density"", ""label"": ""CCTV 밀집도"", ""direction"": ""UP""}]"
18,25.0,24.604,-1.584,3,night_traffic|야간교통량|UP,residential_density|주택밀집도|UP,cctv_density|CCTV 밀집도|UP,"[{""key"": ""night_traffic"", ""label"": ""야간교통량"", ""direction"": ""UP""}, {""key"": ""residential_density"", ""label"": ""주택밀집도"", ""direction"": ""UP""}, {""key"": ""cctv_density"", ""label"": ""CCTV 밀집도"", ""direction"": ""UP""}]"
19,25.0,24.604,-1.584,3,night_traffic|야간교통량|UP,residential_density|주택밀집도|UP,cctv_density|CCTV 밀집도|UP,"[{""key"": ""night_traffic"", ""label"": ""야간교통량"", ""direction"": ""UP""}, {""key"": ""residential_density"", ""label"": ""주택밀집도"", ""direction"": ""UP""}, {""key"": ""cctv_density"", ""label"": ""CCTV 밀집도"", ""direction"": ""UP""}]"
20,25.0,24.604,-1.584,3,night_traffic|야간교통량|UP,residential_density|주택밀집도|UP,cctv_density|CCTV 밀집도|UP,"[{""key"": ""night_traffic"", ""label"": ""야간교통량"", ""direction"": ""UP""}, {""key"": ""residential_density"", ""label"": ""주택밀집도"", ""direction"": ""UP""}, {""key"": ""cctv_density"", ""label"": ""CCTV 밀집도"", ""direction"": ""UP""}]"
21,25.0,24.604,-1.584,3,night_traffic|야간교통량|UP,residential_density|주택밀집도|UP,cctv_density|CCTV 밀집도|UP,"[{""key"": ""night_traffic"", ""label"": ""야간교통량"", ""direction"": ""UP""}, {""key"": ""residential_density"", ""label"": ""주택밀집도"", ""direction"": ""UP""}, {""key"": ""cctv_density"", ""label"": ""CCTV 밀집도"", ""direction"": ""UP""}]"
22,25.0,24.604,-1.584,3,night_traffic|야간교통량|UP,residential_density|주택밀집도|UP,cctv_density|CCTV 밀집도|UP,"[{""key"": ""night_traffic"", ""label"": ""야간교통량"", ""direction"": ""UP""}, {""key"": ""residential_density"", ""label"": ""주택밀집도"", ""direction"": ""UP""}, {""key"": ""cctv_density"", ""label"": ""CCTV 밀집도"", ""direction"": ""UP""}]"
23,25.0,24.599,-1.605,3,night_traffic|야간교통량|UP,residential_density|주택밀집도|UP,cctv_density|CCTV 밀집도|UP,"[{""key"": ""night_traffic"", ""label"": ""야간교통량"", ""direction"": ""UP""}, {""key"": ""residential_density"", ""label"": ""주택밀집도"", ""direction"": ""UP""}, {""key"": ""cctv_density"", ""label"": ""CCTV 밀집도"", ""direction"": ""UP""}]"
24,25.0,24.604,-1.584,3,night_traffic|야간교통량|UP,residential_density|주택밀집도|UP,cctv_density|CCTV 밀집도|UP,"[{""key"": ""night_traffic"", ""label"": ""야간교통량"", ""direction"": ""UP""}, {""key"": ""residential_density"", ""label"": ""주택밀집도"", ""direction"": ""UP""}, {""key"": ""cctv_density"", ""label"": ""CCTV 밀집도"", ""direction"": ""UP""}]"
25,25.0,24.604,-1.584,3,night_traffic|야간교통량|UP,residential_density|주택밀집도|UP,cctv_density|CCTV 밀집도|UP,"[{""key"": ""night_traffic"", ""label"": ""야간교통량"", ""direction"": ""UP""}, {""key"": ""residential_density"", ""label"": ""주택밀집도"", ""direction"": ""UP""}, {""key"": ""cctv_density"", ""label"": ""CCTV 밀집도"", ""direction"": ""UP""}]"
26,25.0,24.604,-1.584,3,night_traffic|야간교통량|UP,residential_density|주택밀집도|UP,cctv_density|CCTV 밀집도|UP,"[{""key"": ""night_traffic"", ""label"": ""야간교통량"", ""direction"": ""UP""}, {""key"": ""residential_density"", ""label"": ""주택밀집도"", ""direction"": ""UP""}, {""key"": ""cctv_density"", ""label"": ""CCTV 밀집도"", ""direction"": ""UP""}]"
27,25.0,24.604,-1.584,3,night_traffic|야간교통량|UP,residential_density|주택밀집도|UP,cctv_density|CCTV 밀집도|UP,"[{""key"": ""night_traffic"", ""label"": ""야간교통량"", ""direction"": ""UP""}, {""key"": ""residential_density"", ""label"": ""주택밀집도"", ""direction"": ""UP""}, {""key"": ""cctv_density"", ""label"": ""CCTV 밀집도"", ""direction"": ""UP""}]"
28,25.0,24.599,-1.605,3,night_traffic|야간교통량|UP,residential_density|주택밀집도|UP,cctv_density|CCTV 밀집도|UP,"[{""key"": ""night_traffic"", ""label"": ""야간교통량"", ""direction"": ""UP""}, {""key"": ""residential_density"", ""label"": ""주택밀집도"", ""direction"": ""UP""}, {""key"": ""cctv_density"", ""label"": ""CCTV 밀집도"", ""direction"": ""UP""}]"
29,25.0,24.45,-2.2,3,park_within|격자 내 공원|DOWN,night_traffic|야간교통량|UP,residential_density|주택밀집도|UP,"[{""key"": ""park_within"", ""label"": ""격자 내 공원"", ""direction"": ""DOWN""}, {""key"": ""night_traffic"", ""label"": ""야간교통량"", ""direction"": ""UP""}, {""key"": ""residential_density"", ""label"": ""주택밀집도"", ""direction"": ""UP""}]"
30,25.0,24.926,-0.297,3,commercial_density|상권밀집도|UP,night_traffic|야간교통량|UP,residential_density|주택밀집도|DOWN,"[{""key"": ""commercial_density"", ""label"": ""상권밀집도"", ""direction"": ""UP""}, {""key"": ""night_traffic"", ""label"": ""야간교통량"", ""direction"": ""UP""}, {""key"": ""residential_density"", ""label"": ""주택밀집도"", ""direction"": ""DOWN""}]"
31,25.0,24.603,-1.589,3,commercial_density|상권밀집도|UP,residential_density|주택밀집도|DOWN,night_traffic|야간교통량|UP,"[{""key"": ""commercial_density"", ""label"": ""상권밀집도"", ""direction"": ""UP""}, {""key"": ""residential_density"", ""label"": ""주택밀집도"", ""direction"": ""DOWN""}, {""key"": ""night_traffic"", ""label"": ""야간교통량"", ""direction"": ""UP""}]"
32,25.0,24.604,-1.584,3,night_traffic|야간교통량|UP,residential_density|주택밀집도|UP,cctv_density|CCTV 밀집도|UP,"[{""key"": ""night_traffic"", ""label"": ""야간교통량"", ""direction"": ""UP""}, {""key"": ""residential_density"", ""label"": ""주택밀집도"", ""direction"": ""UP""}, {""key"": ""cctv_density"", ""label"": ""CCTV 밀집도"", ""direction"": ""UP""}]"
33,25.0,24.604,-1.584,3,night_traffic|야간교통량|UP,residential_density|주택밀집도|UP,cctv_density|CCTV 밀집도|UP,"[{""key"": ""night_traffic"", ""label"": ""야간교통량"", ""direction"": ""UP""}, {""key"": ""residential_density"", ""label"": ""주택밀집도"", ""direction"": ""UP""}, {""key"": ""cctv_density"", ""label"": ""CCTV 밀집도"", ""direction"": ""UP""}]"
34,25.0,24.604,-1.584,3,night_traffic|야간교통량|UP,residential_density|주택밀집도|UP,cctv_density|CCTV 밀집도|UP,"[{""key"": ""night_traffic"", ""label"": ""야간교통량"", ""direction"": ""UP""}, {""key"": ""residential_density"", ""label"": ""주택밀집도"", ""direction"": ""UP""}, {""key"": ""cctv_density"", ""label"": ""CCTV 밀집도"", ""direction"": ""UP""}]"
35,25.0,24.604,-1.584,3,night_traffic|야간교통량|UP,residential_density|주택밀집도|UP,cctv_density|CCTV 밀집도|UP,"[{""key"": ""night_traffic"", ""label"": ""야간교통량"", ""direction"": ""UP""}, {""key"": ""residential_density"", ""label"": ""주택밀집도"", ""direction"": ""UP""}, {""key"": ""cctv_density"", ""label"": ""CCTV 밀집도"", ""direction"": ""UP""}]"
36,25.0,24.599,-1.605,3,night_traffic|야간교통량|UP,residential_density|주택밀집도|UP,cctv_density|CCTV 밀집도|UP,"[{""key"": ""night_traffic"", ""label"": ""야간교통량"", ""direction"": ""UP""}, {""key"": ""residential_density"", ""label"": ""주택밀집도"", ""direction"": ""UP""}, {""key"": ""cctv_density"", ""label"": ""CCTV 밀집도"", ""direction"": ""UP""}]"
37,10.0,10.0,0.0,3,night_traffic|야간교통량|UP,cctv_density|CCTV 밀집도|UP,commercial_density|상권밀집도|DOWN,"[{""key"": ""night_traffic"", ""label"": ""야간교통량"", ""direction"": ""UP""}, {""key"": ""cctv_density"", ""label"": ""CCTV 밀집도"", ""direction"": ""UP""}, {""key"": ""commercial_density"", ""label"": ""상권밀집도"", ""direction"": ""DOWN""}]"
38,10.0,9.892,-1.083,3,night_traffic|야간교통량|UP,residential_density|주택밀집도|DOWN,cctv_density|CCTV 밀집도|UP,"[{""key"": ""night_traffic"", ""label"": ""야간교통량"", ""direction"": ""UP""}, {""key"": ""residential_density"", ""label"": ""주택밀집도"", ""direction"": ""DOWN""}, {""key"": ""cctv_density"", ""label"": ""CCTV 밀집도"", ""direction"": ""UP""}]"
39,25.0,24.785,-0.859,3,night_traffic|야간교통량|UP,residential_density|주택밀집도|UP,cctv_density|CCTV 밀집도|UP,"[{""key"": ""night_traffic"", ""label"": ""야간교통량"", ""direction"": ""UP""}, {""key"": ""residential_density"", ""label"": ""주택밀집도"", ""direction"": ""UP""}, {""key"": ""cctv_density"", ""label"": ""CCTV 밀집도"", ""direction"": ""UP""}]"
40,25.0,24.867,-0.533,3,commercial_density|상권밀집도|UP,night_traffic|야간교통량|UP,cctv_density|CCTV 밀집도|DOWN,"[{""key"": ""commercial_density"", ""label"": ""상권밀집도"", ""direction"": ""UP""}, {""key"": ""night_traffic"", ""label"": ""야간교통량"", ""direction"": ""UP""}, {""key"": ""cctv_density"", ""label"": ""CCTV 밀집도"", ""direction"": ""DOWN""}]"
41,25.0,24.82,-0.719,3,commercial_density|상권밀집도|UP,night_traffic|야간교통량|UP,residential_density|주택밀집도|DOWN,"[{""key"": ""commercial_density"", ""label"": ""상권밀집도"", ""direction"": ""UP""}, {""key"": ""night_traffic"", ""label"": ""야간교통량"", ""direction"": ""UP""}, {""key"": ""residential_density"", ""label"": ""주택밀집도"", ""direction"": ""DOWN""}]"
42,10.0,10.0,0.0,3,night_traffic|야간교통량|UP,cctv_density|CCTV 밀집도|UP,commercial_density|상권밀집도|DOWN,"[{""key"": ""night_traffic"", ""label"": ""야간교통량"", ""direction"": ""UP""}, {""key"": ""cctv_density"", ""label"": ""CCTV 밀집도"", ""direction"": ""UP""}, {""key"": ""commercial_density"", ""label"": ""상권밀집도"", ""direction"": ""DOWN""}]"
43,25.0,24.604,-1.584,3,night_traffic|야간교통량|UP,residential_density|주택밀집도|UP,cctv_density|CCTV 밀집도|UP,"[{""key"": ""night_traffic"", ""label"": ""야간교통량"", ""direction"": ""UP""}, {""key"": ""residential_density"", ""label"": ""주택밀집도"", ""direction"": ""UP""}, {""key"": ""cctv_density"", ""label"": ""CCTV 밀집도"", ""direction"": ""UP""}]"
44,10.0,10.0,0.0,3,night_traffic|야간교통량|UP,cctv_density|CCTV 밀집도|UP,residential_density|주택밀집도|UP,"[{""key"": ""night_traffic"", ""label"": ""야간교통량"", ""direction"": ""UP""}, {""key"": ""cctv_density"", ""label"": ""CCTV 밀집도"", ""direction"": ""UP""}, {""key"": ""residential_density"", ""label"": ""주택밀집도"", ""direction"": ""UP""}]"
45,10.0,10.0,0.0,3,night_traffic|야간교통량|UP,cctv_density|CCTV 밀집도|UP,residential_density|주택밀집도|UP,"[{""key"": ""night_traffic"", ""label"": ""야간교통량"", ""direction"": ""UP""}, {""key"": ""cctv_density"", ""label"": ""CCTV 밀집도"", ""direction"": ""UP""}, {""key"": ""residential_density"", ""label"": ""주택밀집도"", ""direction"": ""UP""}]"
46,15.0,14.642,-2.387,3,residential_density|주택밀집도|DOWN,commercial_density|상권밀집도|UP,night_traffic|야간교통량|UP,"[{""key"": ""residential_density"", ""label"": ""주택밀집도"", ""direction"": ""DOWN""}, {""key"": ""commercial_density"", ""label"": ""상권밀집도"", ""direction"": ""UP""}, {""key"": ""night_traffic"", ""label"": ""야간교통량"", ""direction"": ""UP""}]"
47,10.0,8.214,-17.856,3,night_traffic|야간교통량|UP,cctv_density|CCTV 밀집도|DOWN,residential_density|주택밀집도|DOWN,"[{""key"": ""night_traffic"", ""label"": ""야간교통량"", ""direction"": ""UP""}, {""key"": ""cctv_density"", ""label"": ""CCTV 밀집도"", ""direction"": ""DOWN""}, {""key"": ""residential_density"", ""label"": ""주택밀집도"", ""direction"": ""DOWN""}]"
48,25.0,24.865,-0.539,3,commercial_density|상권밀집도|UP,night_traffic|야간교통량|UP,residential_density|주택밀집도|DOWN,"[{""key"": ""commercial_density"", ""label"": ""상권밀집도"", ""direction"": ""UP""}, {""key"": ""night_traffic"", ""label"": ""야간교통량"", ""direction"": ""UP""}, {""key"": ""residential_density"", ""label"": ""주택밀집도"", ""direction"": ""DOWN""}]"
49,25.0,24.9,-0.399,3,commercial_density|상권밀집도|UP,night_traffic|야간교통량|UP,residential_density|주택밀집도|DOWN,"[{""key"": ""commercial_density"", ""label"": ""상권밀집도"", ""direction"": ""UP""}, {""key"": ""night_traffic"", ""label"": ""야간교통량"", ""direction"": ""UP""}, {""key"": ""residential_density"", ""label"": ""주택밀집도"", ""direction"": ""DOWN""}]"
50,10.0,7.754,-22.461,3,cctv_density|CCTV 밀집도|DOWN,night_traffic|야간교통량|UP,residential_density|주택밀집도|DOWN,"[{""key"": ""cctv_density"", ""label"": ""CCTV 밀집도"", ""direction"": ""DOWN""}, {""key"": ""night_traffic"", ""label"": ""야간교통량"", ""direction"": ""UP""}, {""key"": ""residential_density"", ""label"": ""주택밀집도"", ""direction"": ""DOWN""}]"
51,10.0,8.535,-14.651,3,night_traffic|야간교통량|UP,residential_density|주택밀집도|DOWN,cctv_density|CCTV 밀집도|DOWN,"[{""key"": ""night_traffic"", ""label"": ""야간교통량"", ""direction"": ""UP""}, {""key"": ""residential_density"", ""label"": ""주택밀집도"", ""direction"": ""DOWN""}, {""key"": ""cctv_density"", ""label"": ""CCTV 밀집도"", ""direction"": ""DOWN""}]"
52,10.0,8.755,-12.45,3,night_traffic|야간교통량|UP,residential_density|주택밀집도|DOWN,cctv_density|CCTV 밀집도|DOWN,"[{""key"": ""night_traffic"", ""label"": ""야간교통량"", ""direction"": ""UP""}, {""key"": ""residential_density"", ""label"": ""주택밀집도"", ""direction"": ""DOWN""}, {""key"": ""cctv_density"", ""label"": ""CCTV 밀집도"", ""direction"": ""DOWN""}]"
53,25.0,24.597,-1.612,3,night_traffic|야간교통량|UP,residential_density|주택밀집도|UP,cctv_density|CCTV 밀집도|UP,"[{""key"": ""night_traffic"", ""label"": ""야간교통량"", ""direction"": ""UP""}, {""key"": ""residential_density"", ""label"": ""주택밀집도"", ""direction"": ""UP""}, {""key"": ""cctv_density"", ""label"": ""CCTV 밀집도"", ""direction"": ""UP""}]"
54,10.0,10.0,0.0,3,night_traffic|야간교통량|UP,cctv_density|CCTV 밀집도|UP,residential_density|주택밀집도|UP,"[{""key"": ""night_traffic"", ""label"": ""야간교통량"", ""direction"": ""UP""}, {""key"": ""cctv_density"", ""label"": ""CCTV 밀집도"", ""direction"": ""UP""}, {""key"": ""residential_density"", ""label"": ""주택밀집도"", ""direction"": ""UP""}]"
55,10.0,10.0,0.0,3,night_traffic|야간교통량|UP,cctv_density|CCTV 밀집도|UP,residential_density|주택밀집도|UP,"[{""key"": ""night_traffic"", ""label"": ""야간교통량"", ""direction"": ""UP""}, {""key"": ""cctv_density"", ""label"": ""CCTV 밀집도"", ""direction"": ""UP""}, {""key"": ""residential_density"", ""label"": ""주택밀집도"", ""direction"": ""UP""}]"
56,10.0,6.946,-30.54,3,cctv_density|CCTV 밀집도|DOWN,residential_density|주택밀집도|DOWN,night_traffic|야간교통량|UP,"[{""key"": ""cctv_density"", ""label"": ""CCTV 밀집도"", ""direction"": ""DOWN""}, {""key"": ""residential_density"", ""label"": ""주택밀집도"", ""direction"": ""DOWN""}, {""key"": ""night_traffic"", ""label"": ""야간교통량"", ""direction"": ""UP""}]"
57,25.0,24.113,-3.547,3,commercial_density|상권밀집도|UP,residential_density|주택밀집도|DOWN,cctv_density|CCTV 밀집도|DOWN,"[{""key"": ""commercial_density"", ""label"": ""상권밀집도"", ""direction"": ""UP""}, {""key"": ""residential_density"", ""label"": ""주택밀집도"", ""direction"": ""DOWN""}, {""key"": ""cctv_density"", ""label"": ""CCTV 밀집도"", ""direction"": ""DOWN""}]"
58,25.0,24.884,-0.462,3,commercial_density|상권밀집도|UP,night_traffic|야간교통량|UP,residential_density|주택밀집도|DOWN,"[{""key"": ""commercial_density"", ""label"": ""상권밀집도"", ""direction"": ""UP""}, {""key"": ""night_traffic"", ""label"": ""야간교통량"", ""direction"": ""UP""}, {""key"": ""residential_density"", ""label"": ""주택밀집도"", ""direction"": ""DOWN""}]"
59,10.0,7.729,-22.713,3,cctv_density|CCTV 밀집도|DOWN,night_traffic|야간교통량|UP,residential_density|주택밀집도|DOWN,"[{""key"": ""cctv_density"", ""label"": ""CCTV 밀집도"", ""direction"": ""DOWN""}, {""key"": ""night_traffic"", ""label"": ""야간교통량"", ""direction"": ""UP""}, {""key"": ""residential_density"", ""label"": ""주택밀집도"", ""direction"": ""DOWN""}]"
60,25.0,24.911,-0.358,3,commercial_density|상권밀집도|UP,night_traffic|야간교통량|UP,residential_density|주택밀집도|DOWN,"[{""key"": ""commercial_density"", ""label"": ""상권밀집도"", ""direction"": ""UP""}, {""key"": ""night_traffic"", ""label"": ""야간교통량"", ""direction"": ""UP""}, {""key"": ""residential_density"", ""label"": ""주택밀집도"", ""direction"": ""DOWN""}]"
61,25.0,24.866,-0.534,3,commercial_density|상권밀집도|UP,night_traffic|야간교통량|UP,residential_density|주택밀집도|DOWN,"[{""key"": ""commercial_density"", ""label"": ""상권밀집도"", ""direction"": ""UP""}, {""key"": ""night_traffic"", ""label"": ""야간교통량"", ""direction"": ""UP""}, {""key"": ""residential_density"", ""label"": ""주택밀집도"", ""direction"": ""DOWN""}]"
62,25.0,24.273,-2.91,3,commercial_density|상권밀집도|UP,night_traffic|야간교통량|DOWN,residential_density|주택밀집도|DOWN,"[{""key"": ""commercial_density"", ""label"": ""상권밀집도"", ""direction"": ""UP""}, {""key"": ""night_traffic"", ""label"": ""야간교통량"", ""direction"": ""DOWN""}, {""key"": ""residential_density"", ""label"": ""주택밀집도"", ""direction"": ""DOWN""}]"
63,10.0,9.741,-2.595,3,residential_density|주택밀집도|UP,night_traffic|야간교통량|DOWN,cctv_density|CCTV 밀집도|UP,"[{""key"": ""residential_density"", ""label"": ""주택밀집도"", ""direction"": ""UP""}, {""key"": ""night_traffic"", ""label"": ""야간교통량"", ""direction"": ""DOWN""}, {""key"": ""cctv_density"", ""label"": ""CCTV 밀집도"", ""direction"": ""UP""}]"
64,10.0,10.0,0.0,3,night_traffic|야간교통량|UP,cctv_density|CCTV 밀집도|UP,residential_density|주택밀집도|UP,"[{""key"": ""night_traffic"", ""label"": ""야간교통량"", ""direction"": ""UP""}, {""key"": ""cctv_density"", ""label"": ""CCTV 밀집도"", ""direction"": ""UP""}, {""key"": ""residential_density"", ""label"": ""주택밀집도"", ""direction"": ""UP""}]"
65,10.0,10.0,0.0,3,night_traffic|야간교통량|UP,cctv_density|CCTV 밀집도|UP,residential_density|주택밀집도|UP,"[{""key"": ""night_traffic"", ""label"": ""야간교통량"", ""direction"": ""UP""}, {""key"": ""cctv_density"", ""label"": ""CCTV 밀집도"", ""direction"": ""UP""}, {""key"": ""residential_density"", ""label"": ""주택밀집도"", ""direction"": ""UP""}]"
66,25.0,24.728,-1.088,3,commercial_density|상권밀집도|UP,residential_density|주택밀집도|DOWN,night_traffic|야간교통량|UP,"[{""key"": ""commercial_density"", ""label"": ""상권밀집도"", ""direction"": ""UP""}, {""key"": ""residential_density"", ""label"": ""주택밀집도"", ""direction"": ""DOWN""}, {""key"": ""night_traffic"", ""label"": ""야간교통량"", ""direction"": ""UP""}]"
67,15.0,12.956,-13.628,3,residential_density|주택밀집도|DOWN,commercial_density|상권밀집도|UP,cctv_density|CCTV 밀집도|DOWN,"[{""key"": ""residential_density"", ""label"": ""주택밀집도"", ""direction"": ""DOWN""}, {""key"": ""commercial_density"", ""label"": ""상권밀집도"", ""direction"": ""UP""}, {""key"": ""cctv_density"", ""label"": ""CCTV 밀집도"", ""direction"": ""DOWN""}]"
68,25.0,24.32,-2.721,3,commercial_density|상권밀집도|UP,residential_density|주택밀집도|DOWN,cctv_density|CCTV 밀집도|DOWN,"[{""key"": ""commercial_density"", ""label"": ""상권밀집도"", ""direction"": ""UP""}, {""key"": ""residential_density"", ""label"": ""주택밀집도"", ""direction"": ""DOWN""}, {""key"": ""cctv_density"", ""label"": ""CCTV 밀집도"", ""direction"": ""DOWN""}]"
69,10.0,7.995,-20.047,3,residential_density|주택밀집도|DOWN,night_traffic|야간교통량|UP,cctv_density|CCTV 밀집도|DOWN,"[{""key"": ""residential_density"", ""label"": ""주택밀집도"", ""direction"": ""DOWN""}, {""key"": ""night_traffic"", ""label"": ""야간교통량"", ""direction"": ""UP""}, {""key"": ""cctv_density"", ""label"": ""CCTV 밀집도"", ""direction"": ""DOWN""}]"
70,25.0,23.145,-7.418,3,park_within|격자 내 공원|DOWN,cctv_density|CCTV 밀집도|DOWN,commercial_density|상권밀집도|UP,"[{""key"": ""park_within"", ""label"": ""격자 내 공원"", ""direction"": ""DOWN""}, {""key"": ""cctv_density"", ""label"": ""CCTV 밀집도"", ""direction"": ""DOWN""}, {""key"": ""commercial_density"", ""label"": ""상권밀집도"", ""direction"": ""UP""}]"
71,10.0,8.476,-15.235,3,night_traffic|야간교통량|DOWN,residential_density|주택밀집도|UP,commercial_density|상권밀집도|DOWN,"[{""key"": ""night_traffic"", ""label"": ""야간교통량"", ""direction"": ""DOWN""}, {""key"": ""residential_density"", ""label"": ""주택밀집도"", ""direction"": ""UP""}, {""key"": ""commercial_density"", ""label"": ""상권밀집도"", ""direction"": ""DOWN""}]"
72,10.0,6.805,-31.947,3,night_traffic|야간교통량|DOWN,cctv_density|CCTV 밀집도|DOWN,residential_density|주택밀집도|DOWN,"[{""key"": ""night_traffic"", ""label"": ""야간교통량"", ""direction"": ""DOWN""}, {""key"": ""cctv_density"", ""label"": ""CCTV 밀집도"", ""direction"": ""DOWN""}, {""key"": ""residential_density"", ""label"": ""주택밀집도"", ""direction"": ""DOWN""}]"
73,25.0,25.0,0.0,3,commercial_density|상권밀집도|UP,night_traffic|야간교통량|DOWN,residential_density|주택밀집도|UP,"[{""key"": ""commercial_density"", ""label"": ""상권밀집도"", ""direction"": ""UP""}, {""key"": ""night_traffic"", ""label"": ""야간교통량"", ""direction"": ""DOWN""}, {""key"": ""residential_density"", ""label"": ""주택밀집도"", ""direction"": ""UP""}]"
74,10.0,10.0,0.0,3,residential_density|주택밀집도|UP,cctv_density|CCTV 밀집도|UP,night_traffic|야간교통량|DOWN,"[{""key"": ""residential_density"", ""label"": ""주택밀집도"", ""direction"": ""UP""}, {""key"": ""cctv_density"", ""label"": ""CCTV 밀집도"", ""direction"": ""UP""}, {""key"": ""night_traffic"", ""label"": ""야간교통량"", ""direction"": ""DOWN""}]"
75,10.0,10.0,0.0,3,night_traffic|야간교통량|UP,cctv_density|CCTV 밀집도|UP,residential_density|주택밀집도|UP,"[{""key"": ""night_traffic"", ""label"": ""야간교통량"", ""direction"": ""UP""}, {""key"": ""cctv_density"", ""label"": ""CCTV 밀집도"", ""direction"": ""UP""}, {""key"": ""residential_density"", ""label"": ""주택밀집도"", ""direction"": ""UP""}]"
76,10.0,10.0,0.0,3,night_traffic|야간교통량|UP,cctv_density|CCTV 밀집도|UP,residential_density|주택밀집도|UP,"[{""key"": ""night_traffic"", ""label"": ""야간교통량"", ""direction"": ""UP""}, {""key"": ""cctv_density"", ""label"": ""CCTV 밀집도"", ""direction"": ""UP""}, {""key"": ""residential_density"", ""label"": ""주택밀집도"", ""direction"": ""UP""}]"
77,10.0,9.153,-8.47,3,residential_density|주택밀집도|DOWN,commercial_density|상권밀집도|UP,night_traffic|야간교통량|UP,"[{""key"": ""residential_density"", ""label"": ""주택밀집도"", ""direction"": ""DOWN""}, {""key"": ""commercial_density"", ""label"": ""상권밀집도"", ""direction"": ""UP""}, {""key"": ""night_traffic"", ""label"": ""야간교통량"", ""direction"": ""UP""}]"
78,25.0,24.014,-3.944,3,commercial_density|상권밀집도|UP,cctv_density|CCTV 밀집도|DOWN,residential_density|주택밀집도|DOWN,"[{""key"": ""commercial_density"", ""label"": ""상권밀집도"", ""direction"": ""UP""}, {""key"": ""cctv_density"", ""label"": ""CCTV 밀집도"", ""direction"": ""DOWN""}, {""key"": ""residential_density"", ""label"": ""주택밀집도"", ""direction"": ""DOWN""}]"
79,25.0,24.394,-2.423,3,commercial_density|상권밀집도|UP,residential_density|주택밀집도|DOWN,cctv_density|CCTV 밀집도|DOWN,"[{""key"": ""commercial_density"", ""label"": ""상권밀집도"", ""direction"": ""UP""}, {""key"": ""residential_density"", ""label"": ""주택밀집도"", ""direction"": ""DOWN""}, {""key"": ""cctv_density"", ""label"": ""CCTV 밀집도"", ""direction"": ""DOWN""}]"
80,25.0,24.111,-3.557,3,commercial_density|상권밀집도|UP,residential_density|주택밀집도|DOWN,cctv_density|CCTV 밀집도|DOWN,"[{""key"": ""commercial_density"", ""label"": ""상권밀집도"", ""direction"": ""UP""}, {""key"": ""residential_density"", ""label"": ""주택밀집도"", ""direction"": ""DOWN""}, {""key"": ""cctv_density"", ""label"": ""CCTV 밀집도"", ""direction"": ""DOWN""}]"
81,25.0,24.421,-2.317,3,commercial_density|상권밀집도|UP,residential_density|주택밀집도|DOWN,cctv_density|CCTV 밀집도|DOWN,"[{""key"": ""commercial_density"", ""label"": ""상권밀집도"", ""direction"": ""UP""}, {""key"": ""residential_density"", ""label"": ""주택밀집도"", ""direction"": ""DOWN""}, {""key"": ""cctv_density"", ""label"": ""CCTV 밀집도"", ""direction"": ""DOWN""}]"
82,15.0,11.277,-24.82,3,night_traffic|야간교통량|DOWN,commercial_density|상권밀집도|UP,residential_density|주택밀집도|DOWN,"[{""key"": ""night_traffic"", ""label"": ""야간교통량"", ""direction"": ""DOWN""}, {""key"": ""commercial_density"", ""label"": ""상권밀집도"", ""direction"": ""UP""}, {""key"": ""residential_density"", ""label"": ""주택밀집도"", ""direction"": ""DOWN""}]"
83,15.0,11.145,-25.703,3,night_traffic|야간교통량|DOWN,commercial_density|상권밀집도|UP,residential_density|주택밀집도|DOWN,"[{""key"": ""night_traffic"", ""label"": ""야간교통량"", ""direction"": ""DOWN""}, {""key"": ""commercial_density"", ""label"": ""상권밀집도"", ""direction"": ""UP""}, {""key"": ""residential_density"", ""label"": ""주택밀집도"", ""direction"": ""DOWN""}]"
84,25.0,24.438,-2.249,3,commercial_density|상권밀집도|UP,night_traffic|야간교통량|DOWN,residential_density|주택밀집도|DOWN,"[{""key"": ""commercial_density"", ""label"": ""상권밀집도"", ""direction"": ""UP""}, {""key"": ""night_traffic"", ""label"": ""야간교통량"", ""direction"": ""DOWN""}, {""key"": ""residential_density"", ""label"": ""주택밀집도"", ""direction"": ""DOWN""}]"
85,10.0,10.0,0.0,3,night_traffic|야간교통량|UP,cctv_density|CCTV 밀집도|UP,residential_density|주택밀집도|UP,"[{""key"": ""night_traffic"", ""label"": ""야간교통량"", ""direction"": ""UP""}, {""key"": ""cctv_density"", ""label"": ""CCTV 밀집도"", ""direction"": ""UP""}, {""key"": ""residential_density"", ""label"": ""주택밀집도"", ""direction"": ""UP""}]"
86,10.0,10.0,0.0,3,night_traffic|야간교통량|UP,cctv_density|CCTV 밀집도|UP,residential_density|주택밀집도|UP,"[{""key"": ""night_traffic"", ""label"": ""야간교통량"", ""direction"": ""UP""}, {""key"": ""cctv_density"", ""label"": ""CCTV 밀집도"", ""direction"": ""UP""}, {""key"": ""residential_density"", ""label"": ""주택밀집도"", ""direction"": ""UP""}]"
87,25.0,24.507,-1.974,3,commercial_density|상권밀집도|UP,residential_density|주택밀집도|DOWN,cctv_density|CCTV 밀집도|UP,"[{""key"": ""commercial_density"", ""label"": ""상권밀집도"", ""direction"": ""UP""}, {""key"": ""residential_density"", ""label"": ""주택밀집도"", ""direction"": ""DOWN""}, {""key"": ""cctv_density"", ""label"": ""CCTV 밀집도"", ""direction"": ""UP""}]"
88,10.0,7.837,-21.635,3,cctv_density|CCTV 밀집도|DOWN,residential_density|주택밀집도|DOWN,commercial_density|상권밀집도|UP,"[{""key"": ""cctv_density"", ""label"": ""CCTV 밀집도"", ""direction"": ""DOWN""}, {""key"": ""residential_density"", ""label"": ""주택밀집도"", ""direction"": ""DOWN""}, {""key"": ""commercial_density"", ""label"": ""상권밀집도"", ""direction"": ""UP""}]"
89,10.0,7.933,-20.671,3,residential_density|주택밀집도|DOWN,cctv_density|CCTV 밀집도|DOWN,night_traffic|야간교통량|UP,"[{""key"": ""residential_density"", ""label"": ""주택밀집도"", ""direction"": ""DOWN""}, {""key"": ""cctv_density"", ""label"": ""CCTV 밀집도"", ""direction"": ""DOWN""}, {""key"": ""night_traffic"", ""label"": ""야간교통량"", ""direction"": ""UP""}]"
90,10.0,9.366,-6.345,3,night_traffic|야간교통량|UP,residential_density|주택밀집도|DOWN,cctv_density|CCTV 밀집도|DOWN,"[{""key"": ""night_traffic"", ""label"": ""야간교통량"", ""direction"": ""UP""}, {""key"": ""residential_density"", ""label"": ""주택밀집도"", ""direction"": ""DOWN""}, {""key"": ""cctv_density"", ""label"": ""CCTV 밀집도"", ""direction"": ""DOWN""}]"
91,25.0,25.0,0.0,3,commercial_density|상권밀집도|UP,residential_density|주택밀집도|UP,cctv_density|CCTV 밀집도|DOWN,"[{""key"": ""commercial_density"", ""label"": ""상권밀집도"", ""direction"": ""UP""}, {""key"": ""residential_density"", ""label"": ""주택밀집도"", ""direction"": ""UP""}, {""key"": ""cctv_density"", ""label"": ""CCTV 밀집도"", ""direction"": ""DOWN""}]"
92,10.0,7.019,-29.808,3,night_traffic|야간교통량|DOWN,residential_density|주택밀집도|DOWN,commercial_density|상권밀집도|DOWN,"[{""key"": ""night_traffic"", ""label"": ""야간교통량"", ""direction"": ""DOWN""}, {""key"": ""residential_density"", ""label"": ""주택밀집도"", ""direction"": ""DOWN""}, {""key"": ""commercial_density"", ""label"": ""상권밀집도"", ""direction"": ""DOWN""}]"
93,10.0,7.452,-25.483,3,night_traffic|야간교통량|DOWN,residential_density|주택밀집도|DOWN,cctv_density|CCTV 밀집도|UP,"[{""key"": ""night_traffic"", ""label"": ""야간교통량"", ""direction"": ""DOWN""}, {""key"": ""residential_density"", ""label"": ""주택밀집도"", ""direction"": ""DOWN""}, {""key"": ""cctv_density"", ""label"": ""CCTV 밀집도"", ""direction"": ""UP""}]"
94,10.0,9.22,-7.796,3,residential_density|주택밀집도|DOWN,night_traffic|야간교통량|UP,cctv_density|CCTV 밀집도|UP,"[{""key"": ""residential_density"", ""label"": ""주택밀집도"", ""direction"": ""DOWN""}, {""key"": ""night_traffic"", ""label"": ""야간교통량"", ""direction"": ""UP""}, {""key"": ""cctv_density"", ""label"": ""CCTV 밀집도"", ""direction"": ""UP""}]"
95,25.0,24.72,-1.119,3,commercial_density|상권밀집도|UP,residential_density|주택밀집도|DOWN,night_traffic|야간교통량|UP,"[{""key"": ""commercial_density"", ""label"": ""상권밀집도"", ""direction"": ""UP""}, {""key"": ""residential_density"", ""label"": ""주택밀집도"", ""direction"": ""DOWN""}, {""key"": ""night_traffic"", ""label"": ""야간교통량"", ""direction"": ""UP""}]"
96,10.0,8.632,-13.676,3,residential_density|주택밀집도|DOWN,night_traffic|야간교통량|UP,cctv_density|CCTV 밀집도|DOWN,"[{""key"": ""residential_density"", ""label"": ""주택밀집도"", ""direction"": ""DOWN""}, {""key"": ""night_traffic"", ""label"": ""야간교통량"", ""direction"": ""UP""}, {""key"": ""cctv_density"", ""label"": ""CCTV 밀집도"", ""direction"": ""DOWN""}]"
97,10.0,8.938,-10.624,3,cctv_density|CCTV 밀집도|DOWN,night_traffic|야간교통량|UP,residential_density|주택밀집도|UP,"[{""key"": ""cctv_density"", ""label"": ""CCTV 밀집도"", ""direction"": ""DOWN""}, {""key"": ""night_traffic"", ""label"": ""야간교통량"", ""direction"": ""UP""}, {""key"": ""residential_density"", ""label"": ""주택밀집도"", ""direction"": ""UP""}]"
98,25.0,25.0,0.0,3,commercial_density|상권밀집도|UP,night_traffic|야간교통량|DOWN,residential_density|주택밀집도|UP,"[{""key"": ""commercial_density"", ""label"": ""상권밀집도"", ""direction"": ""UP""}, {""key"": ""night_traffic"", ""label"": ""야간교통량"", ""direction"": ""DOWN""}, {""key"": ""residential_density"", ""label"": ""주택밀집도"", ""direction"": ""UP""}]"
99,25.0,24.304,-2.782,3,commercial_density|상권밀집도|UP,night_traffic|야간교통량|DOWN,residential_density|주택밀집도|DOWN,"[{""key"": ""commercial_density"", ""label"": ""상권밀집도"", ""direction"": ""UP""}, {""key"": ""night_traffic"", ""label"": ""야간교통량"", ""direction"": ""DOWN""}, {""key"": ""residential_density"", ""label"": ""주택밀집도"", ""direction"": ""DOWN""}]"
100,10.0,8.168,-18.316,3,night_traffic|야간교통량|DOWN,cctv_density|CCTV 밀집도|UP,commercial_density|상권밀집도|DOWN,"[{""key"": ""night_traffic"", ""label"": ""야간교통량"", ""direction"": ""DOWN""}, {""key"": ""cctv_density"", ""label"": ""CCTV 밀집도"", ""direction"": ""UP""}, {""key"": ""commercial_density"", ""label"": ""상권밀집도"", ""direction"": ""DOWN""}]"
101,10.0,9.741,-2.593,3,residential_density|주택밀집도|DOWN,commercial_density|상권밀집도|UP,cctv_density|CCTV 밀집도|UP,"[{""key"": ""residential_density"", ""label"": ""주택밀집도"", ""direction"": ""DOWN""}, {""key"": ""commercial_density"", ""label"": ""상권밀집도"", ""direction"": ""UP""}, {""key"": ""cctv_density"", ""label"": ""CCTV 밀집도"", ""direction"": ""UP""}]"
102,10.0,9.043,-9.569,3,residential_density|주택밀집도|DOWN,night_traffic|야간교통량|UP,cctv_density|CCTV 밀집도|UP,"[{""key"": ""residential_density"", ""label"": ""주택밀집도"", ""direction"": ""DOWN""}, {""key"": ""night_traffic"", ""label"": ""야간교통량"", ""direction"": ""UP""}, {""key"": ""cctv_density"", ""label"": ""CCTV 밀집도"", ""direction"": ""UP""}]"
103,15.0,11.857,-20.951,3,night_traffic|야간교통량|DOWN,commercial_density|상권밀집도|UP,residential_density|주택밀집도|DOWN,"[{""key"": ""night_traffic"", ""label"": ""야간교통량"", ""direction"": ""DOWN""}, {""key"": ""commercial_density"", ""label"": ""상권밀집도"", ""direction"": ""UP""}, {""key"": ""residential_density"", ""label"": ""주택밀집도"", ""direction"": ""DOWN""}]"
104,10.0,9.536,-4.644,3,residential_density|주택밀집도|UP,night_traffic|야간교통량|DOWN,cctv_density|CCTV 밀집도|UP,"[{""key"": ""residential_density"", ""label"": ""주택밀집도"", ""direction"": ""UP""}, {""key"": ""night_traffic"", ""label"": ""야간교통량"", ""direction"": ""DOWN""}, {""key"": ""cctv_density"", ""label"": ""CCTV 밀집도"", ""direction"": ""UP""}]"
105,10.0,8.009,-19.914,3,night_traffic|야간교통량|DOWN,cctv_density|CCTV 밀집도|UP,residential_density|주택밀집도|DOWN,"[{""key"": ""night_traffic"", ""label"": ""야간교통량"", ""direction"": ""DOWN""}, {""key"": ""cctv_density"", ""label"": ""CCTV 밀집도"", ""direction"": ""UP""}, {""key"": ""residential_density"", ""label"": ""주택밀집도"", ""direction"": ""DOWN""}]"
106,10.0,8.828,-11.716,3,commercial_density|상권밀집도|UP,residential_density|주택밀집도|DOWN,night_traffic|야간교통량|DOWN,"[{""key"": ""commercial_density"", ""label"": ""상권밀집도"", ""direction"": ""UP""}, {""key"": ""residential_density"", ""label"": ""주택밀집도"", ""direction"": ""DOWN""}, {""key"": ""night_traffic"", ""label"": ""야간교통량"", ""direction"": ""DOWN""}]"
107,10.0,8.402,-15.982,3,commercial_density|상권밀집도|UP,night_traffic|야간교통량|DOWN,residential_density|주택밀집도|DOWN,"[{""key"": ""commercial_density"", ""label"": ""상권밀집도"", ""direction"": ""UP""}, {""key"": ""night_traffic"", ""label"": ""야간교통량"", ""direction"": ""DOWN""}, {""key"": ""residential_density"", ""label"": ""주택밀집도"", ""direction"": ""DOWN""}]"
108,25.0,25.0,0.0,3,commercial_density|상권밀집도|UP,night_traffic|야간교통량|DOWN,residential_density|주택밀집도|UP,"[{""key"": ""commercial_density"", ""label"": ""상권밀집도"", ""direction"": ""UP""}, {""key"": ""night_traffic"", ""label"": ""야간교통량"", ""direction"": ""DOWN""}, {""key"": ""residential_density"", ""label"": ""주택밀집도"", ""direction"": ""UP""}]"
